{
  "mae": 0.13336367648681424,
  "rmse": 0.14653228960860765,
  "r2": 0.9561801798001207,
  "n_train": 8,
  "n_val": 2
}